,序號,姓名,童軍職銜,第一部分典禮,第二部分典禮,嘉賓茶聚,乘坐大會車,第 1 欄,嘉賓車牌,備注
政府,1,區永樑先生,"香港警務處港島總區指揮官
主禮嘉賓",0,1,1,0,頒獎,,
,2,張佩珊女士，JP,南區民政事務專員,1,1,1,0,,AM1334,
,3,彭兆基先生，MH,南區區議員,1,1,1,0,,XV6708,
,4,陳素羽女士,香港警務處總督察,0,1,1,0,,,區Sir副官
總會及其他地域,5,吳家亮先生,副香港總監（常務）,1,1,1,0,頒獎,JN147,
,6,葉永成先生，GBS，MH，JP,香港童軍總會 副會長,1,1,1,0,頒獎,JP2338,區Sir好友
,7,郭柏威先生,助理香港總監（產業）,1,1,1,0,,1N6R1D,區Sir筲箕灣官中校友
,8,何沛霖博士,署理助理香港總監（訓練）,0,1,1,0,,,
,9,蘇淑芳女士,總會貝登堡聯誼會主席,1,1,1,0,,,
,10,馮敬安先生,東九龍地域副地域總監（活動與訓練）,1,1,1,1,,,
,11,何偉文先生,深旺區區總監,1,1,1,0,,DD9689,區Sir筲箕灣官中校友
制服團隊,12,陳啟聰上尉 MStJ,香港少年領袖團機構傳訊組指揮官,0,1,1,0,,JS 4265,
,13,劉子琪小姐,"香港女童軍總會
香港助理總監（港島地域）",0,1,1,0,,01 JR 10,
,14,劉黎明醫生 CStJ,香港聖約翰救傷隊少青團高級助理總監（青少事務）,0,1,1,0,,VE 5214,
,16,伍啟光先生，PMSM,香港青少年軍總會署理總幹事,0,1,1,0,,DF 4482,
,17,趙富霖先生,"香港基督少年軍
副主席",0,1,1,0,,,
,18,陳伊諾女士,香港基督少年軍事工主任,0,1,1,0,,,
,19,楊慧敏少校,香港海事青年團九龍二區總指揮,0,1,1,0,,,
,20,王泰鴻醫生,醫療輔助隊少年團副總監（少年團）,0,1,1,0,,,
,21,周尚明醫生,"香港紅十字會
港島總部青年事務總主任",0,1,1,0,,,
,22,陳寶賢先生,香港紅十字會少年團高級主任,0,1,1,0,,,
,23,杜潔盈女士,香港紅十字會灣仔區區務主任,0,1,1,0,,,
,24,吳家麗女士，OstJ,地域會長,1,1,1,0,頒獎,AZ661,
,25,楊國光博士,地域總監,1,1,1,0,頒獎,HY771,
,26,李傑之先生,地域主席,1,1,1,0,頒獎,,
,27,黃偉安先生,副地域總監（活動與訓練）,1,1,1,0,,,
,28,伍尚國先生,副地域總監（常務）,1,1,1,0,,RU3697,
,29,鍾震宇先生,副地域總監（行政）,1,1,1,0,,SD85,
,30,朱家聰先生,助理地域總監（專責）活動籌委會主席,1,1,1,0,,YU5756,
,31,廖漢輝先生,地域名譽會長,1,1,1,0,,,
,32,陳新發先生,地域副會長,1,1,1,0,,,
,33,關嘉聰醫生,地域副會長,1,1,1,0,AWARD,,
,34,程桂珍女士,地域副會長,1,1,1,0,AWARD,,
,35,黃浩誠博士,地域副會長,1,1,0,0,,,
,36,黃永勝先生,地域副會長,1,1,0,0,,,
,37,林振志先生,地域副會長,1,1,1,0,,,
,38,温蔡美怡女士,地域副會長,1,1,1,0,,,
,39,羅櫻煒女士,地域副會長,1,1,1,0,,,
,40,任兆華先生,地域副會長,1,1,1,0,,KY 231,
,41,陳頴琳女士,地域副會長,1,1,1,0,,,
,42,鍾偉言女士,地域副會長,1,1,1,1,,,
,序號,姓名,童軍職銜,第一部分典禮,第二部分典禮,嘉賓茶聚,乘坐大會車,第 1 欄,嘉賓車牌,備注
地域,43,關祺,地域副主席,1,1,1,0,,GC149,
,44,何恩民先生,地域副主席,1,1,1,0,,WS7964,
,45,何偉強先生,地域副主席,1,1,1,0,,YE9072,
,46,張世華律師,法律顧問,1,1,1,0,,,
,47,李德權先生，MH,青少年活動委員會主席,1,1,1,0,,,
,48,葉智強先生，PMSM,訓練委員會主席,1,1,1,0,,,
,49,阮澤銘先生,港島北區主席,1,1,1,0,,,
,50,鄭定國先生,青少年活動委員會副主席,1,1,1,1,,,
,51,卓建立先生,青少年活動委員會副主席,1,1,1,0,AWARD,,
,52,周永光先生,青少年活動委員會委員,1,1,1,0,AWARD,,
,53,馮少卿女士,教育及發展委員會副主席,1,1,1,0,,,
,54,吳毅賢先生,空童軍發展委員會副主席,1,0,0,0,,,
,55,陳文翰先生,行政及公共關係委員會副主席,0,1,0,0,,,
,56,羅達成先生,青少年活動委員會委員,0,0,1,0,,,
,57,李鳳霞女士,青少年活動委員會委員,1,1,1,0,,,
,58,黎汶洛先生,青少年活動委員會委員,1,1,1,0,,,
,59,吳榮基先生,訓練委員會委員,1,1,1,0,,,"區Sir擔任童軍成員時
時任筲箕灣區區總監"
,60,張俊彥先生,領袖訓練主任,1,1,1,0,,,
,61,邱淑瑜博士,港島地域童軍樂隊主席,1,1,1,0,AWARD,,
,62,歐陽秀菁女士,助理地域總監（區務）,1,1,1,0,,,
,63,張瑞怡女士,助理地域總監（行政）,1,1,1,0,,,
,64,何家騏先生,助理地域總監（活動）,1,1,1,0,AWARD,,
,65,關浩然先生,助理地域總監（支部）,1,1,1,0,,GE8789,
,66,羅永杰先生,助理地域總監（發展）,1,1,1,0,,,
,67,羅永林先生,助理地域總監（國際及內地事務）,1,1,1,0,,,
,68,曾麗珊博士,助理地域總監（行政）,1,1,0,0,,,
,69,張嘉政先生,地域總部總監（公共關係）,1,1,1,0,,,
,70,郭沛民先生,地域總部總監（國際及內地事務）,1,1,1,0,,,
,71,李曉筠女士,地域總部總監（專責）,1,1,1,0,,,
,72,黃凱威先生,地域總部總監（訓練行政）,1,1,1,0,AWARD,,
,73,黃培芳女士,地域總部總監（公共關係）,1,1,1,0,,,
,74,黃嘉恩女士,地域總部總監（設備管理）,0,0,1,0,,,
,75,鍾偉志先生,地域總部總監（屬會）,0,0,1,0,,,
,76,張家倫先生,助理地域總部總監（童軍）,1,1,0,0,,,
,77,朱浩銘先生,助理地域總部總監（公共關係）,1,1,1,0,,,
,78,張敬浩先生,助理地域總部總監（公共關係）,1,1,1,0,,,
,79,張惠敏女士,助理地域總部總監（小童軍）,1,1,1,0,AWARD,,
,80,李潤泰先生,助理地域總部總監（屬會）,1,1,1,0,,,
,81,溫文輝先生,助理地域總部總監（樂隊）,0,0,1,0,,,
,82,黃秀雯女士,助理地域總部總監（國際及內地事務）,1,1,1,0,,,
,83,陳紀君女士,助理地域總部總監（航空活動）,1,1,1,0,AWARD,,
,84,聶嘉威先生,助理地域總部總監（深資童軍）,1,1,1,0,AWARD,,
,序號,姓名,童軍職銜,第一部分典禮,第二部分典禮,嘉賓茶聚,乘坐大會車,第 1 欄,嘉賓車牌,備注
,85,張佳良先生,籌委會副主席,0,0,1,0,,,
,86,譚健祥先生,地域執行幹事,1,1,1,0,,,
區,87,曾滿淦先生,港島西區署理區總監,1,1,1,1,,,
,88,袁可秀女士,筲箕灣區區總監,1,1,1,0,,,
,89,楊國榮博士,灣仔區區總監,1,1,1,0,,FG906,
,90,何存仁先生,港島西區副區總監,1,1,1,0,,,
,91,文幹皓先生,筲箕灣區副區總監,1,1,1,0,,,區Sir筲箕灣官中校友
,92,司徒家輝先生,灣仔區副區總該你,1,1,1,0,,,
,93,陳樂仁先生,港島西區助理區總監,1,1,1,0,,,
,94,仇紹謙先生,港島西區助理區總監,1,1,1,0,,,
,95,陳宏江先生,筲箕灣區助理區總監,1,1,1,0,,,
,96,梁文澧先生,筲箕灣區助理區總監,1,1,0,0,,,
,97,何仲康先生,筲箕灣區助理區總監,1,1,0,0,,,
,98,蔡佩蓉女士,港島北區署理區總監,1,1,1,0,,,
,99,洪奇恩先生,港島南區副區總監,1,1,1,0,,,
,100,謝宏駿先生,港島南區區總監,1,1,1,0,,YY914,
,101,李家文先生,維多利亞城區區總監,1,1,1,0,,KW6833,
,102,黃光南先生,港島西區司庫,1,1,1,0,,,
其他獲獎人士,103,陸偉權先生,港島地域先鋒工程會會長,1,1,1,0,AWARD,,
,,,,,,,,,,
,,,,82,97,95,4,,,
,,,,第一部分典禮,第二部分典禮,嘉賓茶聚,乘坐大會車,,,
